"","Taxon","leaf.area","source"
"402","Acacia bakeri",16.25,"AUSTRAITS_dataset_68"
"430","Acacia bakeri",17.063,"AUSTRAITS_dataset_49"
"310","Acmena smithii",11.91,"AUSTRAITS_dataset_68"
"356","Acmena smithii",14,"AUSTRAITS_dataset_68"
"537","Acmena smithii",20.166,"AUSTRAITS_dataset_30"
"538","Acmena smithii",20.17,"AUSTRAITS_dataset_68"
"661","Acmena smithii",24.75,"AUSTRAITS_dataset_68"
"689","Acmena smithii",25.3,"Gallagher_field_workPHD"
"699","Acmena smithii",25.5,"AUSTRAITS_dataset_32"
"712","Acmena smithii",25.872,"AUSTRAITS_dataset_49"
"759","Acmena smithii",27.85,"AUSTRAITS_dataset_68"
"19","Acronychia oblongifolia",0.4,"AUSTRAITS_dataset_68"
"416","Acronychia oblongifolia",16.52,"AUSTRAITS_dataset_49"
"678","Acronychia oblongifolia",24.93,"Gallagher_field_workPHD"
"149","Ailanthus triphysa",6.5,"AUSTRAITS_dataset_68"
"181","Ailanthus triphysa",7.875,"AUSTRAITS_dataset_49"
"486","Alangium villosum",19,"AUSTRAITS_dataset_68"
"746","Alangium villosum",27.2,"AUSTRAITS_dataset_39"
"886","Alangium villosum",34.32,"Gallagher_field_workPHD"
"899","Alangium villosum",34.9,"Gallagher_field_workPHD"
"931","Alangium villosum",36.723,"AUSTRAITS_dataset_28"
"981","Alangium villosum",41.125,"AUSTRAITS_dataset_49"
"1012","Alangium villosum",44.307,"AUSTRAITS_dataset_28"
"1021","Alangium villosum",45.44,"AUSTRAITS_dataset_28"
"306","Alchornea ilicifolia",11.67,"AUSTRAITS_dataset_68"
"616","Alchornea ilicifolia",23.1,"AUSTRAITS_dataset_49"
"634","Alectryon tomentosus",23.625,"AUSTRAITS_dataset_49"
"380","Alphitonia excelsa",14.907,"AUSTRAITS_dataset_52"
"381","Alphitonia excelsa",14.91,"AUSTRAITS_dataset_68"
"438","Alphitonia excelsa",17.16,"AUSTRAITS_dataset_43"
"440","Alphitonia excelsa",17.2,"AUSTRAITS_dataset_61"
"441","Alphitonia excelsa",17.255,"AUSTRAITS_dataset_49"
"446","Alphitonia excelsa",17.587,"AUSTRAITS_dataset_52"
"447","Alphitonia excelsa",17.59,"AUSTRAITS_dataset_68"
"566","Alphitonia excelsa",20.928,"AUSTRAITS_dataset_8"
"568","Alphitonia excelsa",20.93,"AUSTRAITS_dataset_68"
"596","Alphitonia excelsa",22.17,"AUSTRAITS_dataset_68"
"850","Alphitonia excelsa",32.28,"AUSTRAITS_dataset_43"
"851","Alphitonia excelsa",32.3,"AUSTRAITS_dataset_45"
"1064","Alphitonia excelsa",51.975,"AUSTRAITS_dataset_56"
"34","Alyxia ruscifolia",2.03,"AUSTRAITS_dataset_56"
"73","Alyxia ruscifolia",3.97,"AUSTRAITS_dataset_68"
"95","Alyxia ruscifolia",4.9,"AUSTRAITS_dataset_49"
"133","Aphananthe philippinensis",6,"AUSTRAITS_dataset_68"
"205","Aphananthe philippinensis",8.75,"AUSTRAITS_dataset_49"
"313","Aphananthe philippinensis",12.01,"Gallagher_field_workPHD"
"12","Araucaria cunninghamii",0.219,"AUSTRAITS_dataset_49"
"21","Araucaria cunninghamii",0.75,"AUSTRAITS_dataset_68"
"530","Archidendron muellerianum",19.833,"AUSTRAITS_dataset_68"
"638","Archidendron muellerianum",23.8,"AUSTRAITS_dataset_49"
"147","Archirhodomyrtus beckleri",6.476,"AUSTRAITS_dataset_8"
"148","Archirhodomyrtus beckleri",6.48,"AUSTRAITS_dataset_68"
"177","Archirhodomyrtus beckleri",7.67,"AUSTRAITS_dataset_68"
"196","Archirhodomyrtus beckleri",8.64,"AUSTRAITS_dataset_68"
"285","Archirhodomyrtus beckleri",10.535,"AUSTRAITS_dataset_49"
"388","Archirhodomyrtus beckleri",15.58,"AUSTRAITS_dataset_39"
"659","Argophyllum nullumense",24.5,"AUSTRAITS_dataset_49"
"247","Arytera distylis",10,"AUSTRAITS_dataset_68"
"273","Arytera distylis",10.5,"AUSTRAITS_dataset_49"
"478","Arytera divaricata",18.75,"AUSTRAITS_dataset_68"
"917","Arytera divaricata",35.77,"Gallagher_field_workPHD"
"949","Arytera divaricata",38.588,"AUSTRAITS_dataset_49"
"1005","Arytera divaricata",43.6,"Gallagher_field_workPHD"
"1026","Arytera divaricata",45.82,"Gallagher_field_workPHD"
"1029","Arytera divaricata",46.61,"Gallagher_field_workPHD"
"352","Atalaya salicifolia",13.781,"AUSTRAITS_dataset_49"
"307","Atractocarpus chartaceus",11.67,"AUSTRAITS_dataset_68"
"314","Atractocarpus chartaceus",12.25,"AUSTRAITS_dataset_49"
"639","Auranticarpa rhombifolia",23.8,"AUSTRAITS_dataset_49"
"78","Backhousia myrtifolia",4.03,"AUSTRAITS_dataset_10"
"202","Backhousia myrtifolia",8.663,"AUSTRAITS_dataset_49"
"305","Backhousia myrtifolia",11.57,"AUSTRAITS_dataset_68"
"371","Beilschmiedia obtusifolia",14.67,"AUSTRAITS_dataset_68"
"826","Beilschmiedia obtusifolia",31.51,"Gallagher_field_workPHD"
"871","Beilschmiedia obtusifolia",33.6,"AUSTRAITS_dataset_49"
"3","Breynia oblongifolia",0.033,"AUSTRAITS_dataset_3"
"25","Breynia oblongifolia",1.2,"AUSTRAITS_dataset_10"
"32","Breynia oblongifolia",1.663,"AUSTRAITS_dataset_49"
"35","Breynia oblongifolia",2.08,"AUSTRAITS_dataset_68"
"40","Breynia oblongifolia",2.545,"AUSTRAITS_dataset_8"
"42","Breynia oblongifolia",2.55,"AUSTRAITS_dataset_68"
"55","Breynia oblongifolia",3.18,"AUSTRAITS_dataset_68"
"89","Breynia oblongifolia",4.758,"AUSTRAITS_dataset_30"
"90","Breynia oblongifolia",4.76,"AUSTRAITS_dataset_68"
"129","Breynia oblongifolia",5.691,"AUSTRAITS_dataset_12"
"141","Breynia oblongifolia",6.28,"AUSTRAITS_dataset_68"
"142","Breynia oblongifolia",6.281,"AUSTRAITS_dataset_8"
"529","Bridelia exaltata",19.83,"AUSTRAITS_dataset_68"
"561","Bridelia exaltata",20.825,"AUSTRAITS_dataset_49"
"267","Bridelia leichhardtii",10.264,"AUSTRAITS_dataset_49"
"54","Bursaria incana",3.15,"AUSTRAITS_dataset_29"
"60","Bursaria incana",3.325,"AUSTRAITS_dataset_49"
"589","Calamus muelleri",21.95,"Gallagher_field_workPHD"
"1031","Calamus muelleri",47.25,"AUSTRAITS_dataset_68"
"1130","Calamus muelleri",90.56,"AUSTRAITS_dataset_68"
"1159","Calamus muelleri",546.75,"AUSTRAITS_dataset_68"
"113","Callerya megasperma",5.25,"AUSTRAITS_dataset_68"
"334","Callerya megasperma",12.833,"AUSTRAITS_dataset_68"
"350","Callerya megasperma",13.48,"Gallagher_field_workPHD"
"1106","Callerya megasperma",73.5,"AUSTRAITS_dataset_49"
"569","Canarium australasicum",21,"AUSTRAITS_dataset_68"
"730","Canarium australasicum",26.6,"AUSTRAITS_dataset_49"
"403","Capparis arborea",16.25,"AUSTRAITS_dataset_68"
"408","Capparis arborea",16.35,"Gallagher_field_workPHD"
"449","Capparis arborea",17.83,"Gallagher_field_workPHD"
"635","Capparis arborea",23.625,"AUSTRAITS_dataset_49"
"766","Capparis arborea",27.995,"AUSTRAITS_dataset_28"
"837","Capparis arborea",31.538,"AUSTRAITS_dataset_28"
"866","Capparis arborea",33.117,"AUSTRAITS_dataset_28"
"867","Capparis arborea",33.12,"AUSTRAITS_dataset_68"
"458","Capparis velutina",18.2,"AUSTRAITS_dataset_49"
"514","Capparis velutina",19.6,"AUSTRAITS_dataset_49"
"444","Carex appressa",17.48,"AUSTRAITS_dataset_68"
"841","Carex appressa",31.86,"AUSTRAITS_dataset_68"
"923","Carex appressa",36,"AUSTRAITS_dataset_10"
"67","Carissa ovata",3.75,"AUSTRAITS_dataset_68"
"85","Carissa ovata",4.62,"AUSTRAITS_dataset_49"
"1027","Carissa ovata",46.2,"AUSTRAITS_dataset_6"
"1000","Carronia multisepala",43.4,"AUSTRAITS_dataset_49"
"1039","Carronia multisepala",47.67,"AUSTRAITS_dataset_68"
"755","Castanospermum australe",27.65,"AUSTRAITS_dataset_32"
"756","Castanospermum australe",27.651,"AUSTRAITS_dataset_67"
"788","Castanospermum australe",29.333,"AUSTRAITS_dataset_68"
"811","Castanospermum australe",30.625,"AUSTRAITS_dataset_49"
"1158","Castanospermum australe",483.9,"AUSTRAITS_dataset_68"
"1","Casuarina cunninghamiana",0.001,"AUSTRAITS_dataset_49"
"2","Casuarina cunninghamiana",0.019,"AUSTRAITS_dataset_29"
"7","Casuarina cunninghamiana",0.188,"AUSTRAITS_dataset_8"
"9","Casuarina cunninghamiana",0.19,"AUSTRAITS_dataset_68"
"44","Cayratia clematidea",2.7,"AUSTRAITS_dataset_10"
"109","Cayratia clematidea",5.21,"AUSTRAITS_dataset_68"
"132","Cayratia clematidea",5.9,"Gallagher_field_workPHD"
"160","Cayratia clematidea",6.75,"AUSTRAITS_dataset_68"
"171","Cayratia clematidea",7.15,"Gallagher_field_workPHD"
"206","Cayratia clematidea",8.75,"AUSTRAITS_dataset_49"
"494","Cinnamomum oliveri",19.17,"AUSTRAITS_dataset_68"
"791","Cinnamomum oliveri",29.4,"AUSTRAITS_dataset_49"
"316","Cissus antarctica",12.44,"Gallagher_field_workPHD"
"470","Cissus antarctica",18.67,"AUSTRAITS_dataset_68"
"814","Cissus antarctica",30.9,"AUSTRAITS_dataset_68"
"827","Cissus antarctica",31.53,"AUSTRAITS_dataset_68"
"853","Cissus antarctica",32.34,"AUSTRAITS_dataset_68"
"909","Cissus antarctica",35.379,"AUSTRAITS_dataset_52"
"911","Cissus antarctica",35.38,"AUSTRAITS_dataset_68"
"959","Cissus antarctica",39.16,"AUSTRAITS_dataset_68"
"964","Cissus antarctica",39.61,"Gallagher_field_workPHD"
"967","Cissus antarctica",39.9,"AUSTRAITS_dataset_49"
"989","Cissus antarctica",41.63,"AUSTRAITS_dataset_68"
"1022","Cissus antarctica",45.46,"AUSTRAITS_dataset_68"
"1094","Cissus antarctica",65.048,"AUSTRAITS_dataset_8"
"1096","Cissus antarctica",65.05,"AUSTRAITS_dataset_68"
"6","Cissus hypoglauca",0.181,"AUSTRAITS_dataset_3"
"48","Cissus hypoglauca",2.816,"AUSTRAITS_dataset_10"
"301","Cissus hypoglauca",11.438,"AUSTRAITS_dataset_68"
"302","Cissus hypoglauca",11.44,"Gallagher_field_workPHD"
"325","Cissus hypoglauca",12.59,"AUSTRAITS_dataset_8"
"390","Cissus hypoglauca",15.67,"Gallagher_field_workPHD"
"394","Cissus hypoglauca",15.84,"Gallagher_field_workPHD"
"413","Cissus hypoglauca",16.5,"AUSTRAITS_dataset_68"
"425","Cissus hypoglauca",16.94,"Gallagher_field_workPHD"
"426","Cissus hypoglauca",16.942,"AUSTRAITS_dataset_68"
"450","Cissus hypoglauca",17.836,"AUSTRAITS_dataset_68"
"451","Cissus hypoglauca",17.84,"Gallagher_field_workPHD"
"466","Cissus hypoglauca",18.61,"AUSTRAITS_dataset_68"
"614","Cissus hypoglauca",22.969,"AUSTRAITS_dataset_49"
"769","Cissus hypoglauca",28.16,"AUSTRAITS_dataset_68"
"783","Cissus hypoglauca",28.756,"AUSTRAITS_dataset_8"
"903","Citronella moorei",35,"AUSTRAITS_dataset_68"
"932","Citronella moorei",36.75,"AUSTRAITS_dataset_49"
"311","Cleistanthus cunninghamii",12,"AUSTRAITS_dataset_68"
"328","Cleistanthus cunninghamii",12.6,"AUSTRAITS_dataset_49"
"619","Cleistanthus cunninghamii",23.15,"AUSTRAITS_dataset_68"
"620","Cleistanthus cunninghamii",23.153,"AUSTRAITS_dataset_28"
"621","Cleistanthus cunninghamii",23.23,"Gallagher_field_workPHD"
"698","Cleistanthus cunninghamii",25.488,"AUSTRAITS_dataset_28"
"994","Cleistanthus cunninghamii",42.292,"AUSTRAITS_dataset_28"
"23","Clematis aristata",0.9,"AUSTRAITS_dataset_10"
"213","Clematis aristata",9,"AUSTRAITS_dataset_68"
"274","Clematis aristata",10.5,"AUSTRAITS_dataset_49"
"655","Clematis aristata",24.31,"Gallagher_field_workPHD"
"656","Clematis aristata",24.312,"AUSTRAITS_dataset_68"
"876","Clematis aristata",34,"AUSTRAITS_dataset_68"
"879","Clematis aristata",34.07,"AUSTRAITS_dataset_8"
"1051","Clematis aristata",49.66,"Gallagher_field_workPHD"
"1093","Clerodendrum floribundum",64.969,"AUSTRAITS_dataset_49"
"1101","Clerodendrum floribundum",66.413,"AUSTRAITS_dataset_56"
"1043","Commersonia bartramia",47.84,"Gallagher_field_workPHD"
"1047","Commersonia bartramia",49,"AUSTRAITS_dataset_68"
"1082","Commersonia bartramia",61.25,"AUSTRAITS_dataset_49"
"515","Croton acronychioides",19.6,"AUSTRAITS_dataset_49"
"452","Cryptocarya bidwillii",17.85,"AUSTRAITS_dataset_49"
"454","Cryptocarya glaucescens",18,"AUSTRAITS_dataset_68"
"489","Cryptocarya glaucescens",19,"AUSTRAITS_dataset_68"
"532","Cryptocarya glaucescens",19.95,"AUSTRAITS_dataset_49"
"642","Cryptocarya glaucescens",24,"AUSTRAITS_dataset_10"
"760","Cryptocarya glaucescens",27.93,"AUSTRAITS_dataset_68"
"842","Cryptocarya glaucescens",31.867,"AUSTRAITS_dataset_8"
"858","Cryptocarya glaucescens",32.706,"AUSTRAITS_dataset_8"
"859","Cryptocarya glaucescens",32.71,"AUSTRAITS_dataset_68"
"296","Cryptocarya laevigata",11.33,"AUSTRAITS_dataset_68"
"733","Cryptocarya laevigata",26.815,"AUSTRAITS_dataset_67"
"734","Cryptocarya laevigata",26.82,"AUSTRAITS_dataset_32"
"738","Cryptocarya laevigata",26.906,"AUSTRAITS_dataset_49"
"812","Cryptocarya macdonaldii",30.8,"AUSTRAITS_dataset_49"
"455","Cryptocarya obovata",18,"AUSTRAITS_dataset_68"
"484","Cryptocarya obovata",18.9,"AUSTRAITS_dataset_49"
"358","Cryptocarya sclerophylla",14,"AUSTRAITS_dataset_49"
"382","Cryptocarya triplinervis",15,"AUSTRAITS_dataset_68"
"393","Cryptocarya triplinervis",15.81,"Gallagher_field_workPHD"
"731","Cupaniopsis anacardioides",26.667,"AUSTRAITS_dataset_68"
"808","Cupaniopsis anacardioides",30.13,"Gallagher_field_workPHD"
"888","Cupaniopsis anacardioides",34.54,"Gallagher_field_workPHD"
"897","Cupaniopsis anacardioides",34.79,"Gallagher_field_workPHD"
"934","Cupaniopsis anacardioides",37.013,"AUSTRAITS_dataset_56"
"966","Cupaniopsis anacardioides",39.88,"Gallagher_field_workPHD"
"987","Cupaniopsis anacardioides",41.398,"AUSTRAITS_dataset_68"
"637","Cupaniopsis newmanii",23.75,"AUSTRAITS_dataset_68"
"679","Cupaniopsis newmanii",24.938,"AUSTRAITS_dataset_49"
"392","Cupaniopsis serrata",15.75,"AUSTRAITS_dataset_49"
"587","Cyclophyllum coprosmoides",21.788,"AUSTRAITS_dataset_49"
"502","Daphnandra apatela",19.25,"AUSTRAITS_dataset_68"
"539","Daphnandra apatela",20.213,"AUSTRAITS_dataset_49"
"329","Daphnandra tenuipes",12.75,"AUSTRAITS_dataset_68"
"348","Daphnandra tenuipes",13.388,"AUSTRAITS_dataset_49"
"188","Derris involuta",8.313,"AUSTRAITS_dataset_49"
"183","Dioscorea transversa",8.03,"AUSTRAITS_dataset_68"
"184","Dioscorea transversa",8.035,"AUSTRAITS_dataset_8"
"331","Dioscorea transversa",12.777,"AUSTRAITS_dataset_8"
"332","Dioscorea transversa",12.78,"AUSTRAITS_dataset_68"
"389","Dioscorea transversa",15.65,"Gallagher_field_workPHD"
"433","Dioscorea transversa",17.12,"AUSTRAITS_dataset_68"
"560","Dioscorea transversa",20.78,"Gallagher_field_workPHD"
"713","Dioscorea transversa",26.03,"AUSTRAITS_dataset_68"
"772","Dioscorea transversa",28.33,"AUSTRAITS_dataset_68"
"846","Dioscorea transversa",32.13,"AUSTRAITS_dataset_68"
"1011","Dioscorea transversa",44.1,"AUSTRAITS_dataset_49"
"13","Diospyros australis",0.26,"AUSTRAITS_dataset_3"
"295","Diospyros australis",11.27,"AUSTRAITS_dataset_10"
"323","Diospyros australis",12.513,"AUSTRAITS_dataset_49"
"361","Diospyros australis",14.249,"AUSTRAITS_dataset_52"
"363","Diospyros australis",14.25,"AUSTRAITS_dataset_68"
"387","Diospyros australis",15.48,"AUSTRAITS_dataset_68"
"506","Diospyros australis",19.28,"AUSTRAITS_dataset_8"
"523","Diospyros australis",19.699,"AUSTRAITS_dataset_8"
"531","Diospyros australis",19.92,"Gallagher_field_workPHD"
"578","Diospyros australis",21.15,"Gallagher_field_workPHD"
"601","Diospyros australis",22.31,"AUSTRAITS_dataset_68"
"602","Diospyros australis",22.313,"AUSTRAITS_dataset_52"
"636","Diospyros australis",23.74,"Gallagher_field_workPHD"
"721","Diospyros fasciculosa",26.25,"AUSTRAITS_dataset_68"
"751","Diospyros fasciculosa",27.563,"AUSTRAITS_dataset_49"
"417","Diospyros geminata",16.538,"AUSTRAITS_dataset_49"
"275","Diospyros pentamera",10.5,"AUSTRAITS_dataset_68"
"333","Diospyros pentamera",12.82,"Gallagher_field_workPHD"
"353","Diospyros pentamera",13.85,"Gallagher_field_workPHD"
"374","Diospyros pentamera",14.7,"AUSTRAITS_dataset_49"
"415","Diospyros pentamera",16.5,"Gallagher_field_workPHD"
"565","Diospyros pentamera",20.88,"Gallagher_field_workPHD"
"1123","Diploglottis australis",86,"AUSTRAITS_dataset_68"
"1129","Diploglottis australis",90.3,"AUSTRAITS_dataset_49"
"1131","Diploglottis australis",95.469,"AUSTRAITS_dataset_68"
"732","Dissiliaria baloghioides",26.775,"AUSTRAITS_dataset_49"
"610","drypetes deplanchei",22.82,"AUSTRAITS_dataset_29"
"339","Drypetes deplanchei",13,"AUSTRAITS_dataset_68"
"429","Drypetes deplanchei",17.01,"Gallagher_field_workPHD"
"480","Drypetes deplanchei",18.802,"AUSTRAITS_dataset_49"
"542","Drypetes deplanchei",20.28,"Gallagher_field_workPHD"
"612","Drypetes deplanchei",22.86,"Gallagher_field_workPHD"
"662","Drypetes deplanchei",24.75,"Gallagher_field_workPHD"
"787","Dysoxylum rufum",29,"AUSTRAITS_dataset_68"
"914","Dysoxylum rufum",35.525,"AUSTRAITS_dataset_49"
"1041","Dysoxylum rufum",47.77,"Gallagher_field_workPHD"
"590","Elaeagnus triflora",22.05,"AUSTRAITS_dataset_49"
"741","Elaeagnus triflora",26.98,"AUSTRAITS_dataset_68"
"604","Elaeocarpus grandis",22.5,"AUSTRAITS_dataset_68"
"753","Elaeocarpus grandis",27.62,"AUSTRAITS_dataset_32"
"208","Elaeocarpus obovatus",8.9,"Gallagher_field_workPHD"
"320","Elaeocarpus obovatus",12.5,"AUSTRAITS_dataset_68"
"330","Elaeocarpus obovatus",12.77,"Gallagher_field_workPHD"
"343","Elaeocarpus obovatus",13.125,"AUSTRAITS_dataset_49"
"643","Elattostachys nervosa",24,"AUSTRAITS_dataset_68"
"686","Elattostachys nervosa",25.2,"AUSTRAITS_dataset_49"
"265","Elattostachys xylocarpa",10.083,"AUSTRAITS_dataset_68"
"286","Elattostachys xylocarpa",10.588,"AUSTRAITS_dataset_49"
"258","Embelia australiana",10.08,"AUSTRAITS_dataset_68"
"435","Embelia australiana",17.136,"AUSTRAITS_dataset_49"
"442","Embelia australiana",17.31,"AUSTRAITS_dataset_68"
"694","Embelia australiana",25.41,"AUSTRAITS_dataset_68"
"706","Embelia australiana",25.6,"AUSTRAITS_dataset_68"
"764","Embelia australiana",27.97,"AUSTRAITS_dataset_68"
"838","Embelia australiana",31.64,"Gallagher_field_workPHD"
"406","Endiandra discolor",16.33,"AUSTRAITS_dataset_68"
"459","Endiandra discolor",18.2,"AUSTRAITS_dataset_49"
"629","Endiandra discolor",23.37,"AUSTRAITS_dataset_39"
"719","Endiandra discolor",26.2,"Gallagher_field_workPHD"
"1015","Endiandra discolor",44.49,"Gallagher_field_workPHD"
"863","Endiandra globosa",33,"AUSTRAITS_dataset_68"
"992","Endiandra globosa",41.948,"AUSTRAITS_dataset_49"
"623","Endiandra pubens",23.33,"AUSTRAITS_dataset_68"
"660","Endiandra pubens",24.5,"AUSTRAITS_dataset_49"
"218","Endiandra sieberi",9.1,"AUSTRAITS_dataset_49"
"586","Endiandra sieberi",21.61,"Gallagher_field_workPHD"
"418","Endiandra virens",16.625,"AUSTRAITS_dataset_49"
"840","Erythrina species 'Croftby'",31.85,"AUSTRAITS_dataset_49"
"905","Eupomatia bennettii",35,"AUSTRAITS_dataset_68"
"1080","Eupomatia bennettii",60.638,"AUSTRAITS_dataset_49"
"598","Eupomatia laurina",22.17,"AUSTRAITS_dataset_68"
"648","Eupomatia laurina",24.07,"AUSTRAITS_dataset_10"
"809","Eupomatia laurina",30.52,"AUSTRAITS_dataset_68"
"810","Eupomatia laurina",30.521,"AUSTRAITS_dataset_8"
"817","Eupomatia laurina",30.95,"Gallagher_field_workPHD"
"848","Eupomatia laurina",32.17,"Gallagher_field_workPHD"
"855","Eupomatia laurina",32.39,"Gallagher_field_workPHD"
"860","Eupomatia laurina",32.97,"AUSTRAITS_dataset_68"
"862","Eupomatia laurina",32.972,"AUSTRAITS_dataset_28"
"883","Eupomatia laurina",34.28,"AUSTRAITS_dataset_68"
"884","Eupomatia laurina",34.281,"AUSTRAITS_dataset_8"
"889","Eupomatia laurina",34.562,"AUSTRAITS_dataset_28"
"891","Eupomatia laurina",34.639,"AUSTRAITS_dataset_8"
"892","Eupomatia laurina",34.64,"AUSTRAITS_dataset_68"
"920","Eupomatia laurina",35.92,"Gallagher_field_workPHD"
"950","Eupomatia laurina",38.64,"AUSTRAITS_dataset_28"
"975","Eupomatia laurina",40.28,"Gallagher_field_workPHD"
"988","Eupomatia laurina",41.563,"AUSTRAITS_dataset_49"
"995","Eupomatia laurina",42.437,"AUSTRAITS_dataset_8"
"996","Eupomatia laurina",42.44,"AUSTRAITS_dataset_68"
"1001","Eupomatia laurina",43.4,"Gallagher_field_workPHD"
"1110","Eupomatia laurina",75.65,"AUSTRAITS_dataset_39"
"351","Euroschinus falcatus",13.75,"AUSTRAITS_dataset_68"
"493","Euroschinus falcatus",19.1,"Gallagher_field_workPHD"
"608","Euroschinus falcatus",22.6,"Gallagher_field_workPHD"
"633","Euroschinus falcatus",23.53,"Gallagher_field_workPHD"
"641","Euroschinus falcatus",23.87,"AUSTRAITS_dataset_49"
"786","Euroschinus falcatus",28.94,"Gallagher_field_workPHD"
"976","Euroschinus falcatus",40.42,"AUSTRAITS_dataset_39"
"445","Ficus coronata",17.5,"AUSTRAITS_dataset_68"
"462","Ficus coronata",18.375,"AUSTRAITS_dataset_49"
"696","Ficus coronata",25.41,"AUSTRAITS_dataset_68"
"697","Ficus coronata",25.412,"AUSTRAITS_dataset_8"
"710","Ficus coronata",25.85,"AUSTRAITS_dataset_68"
"711","Ficus coronata",25.852,"AUSTRAITS_dataset_28"
"727","Ficus coronata",26.29,"Gallagher_field_workPHD"
"929","Ficus coronata",36.716,"AUSTRAITS_dataset_8"
"930","Ficus coronata",36.72,"AUSTRAITS_dataset_68"
"991","Ficus coronata",41.718,"AUSTRAITS_dataset_28"
"1088","Ficus coronata",61.777,"AUSTRAITS_dataset_28"
"800","Ficus fraseri",29.925,"AUSTRAITS_dataset_49"
"803","Ficus fraseri",30,"AUSTRAITS_dataset_68"
"824","Ficus fraseri",31.232,"AUSTRAITS_dataset_28"
"915","Ficus fraseri",35.68,"AUSTRAITS_dataset_28"
"968","Ficus fraseri",39.952,"AUSTRAITS_dataset_28"
"1020","Ficus fraseri",45.28,"Gallagher_field_workPHD"
"1065","Ficus fraseri",52.133,"AUSTRAITS_dataset_28"
"427","Ficus obliqua",16.979,"AUSTRAITS_dataset_49"
"533","Ficus obliqua",20,"AUSTRAITS_dataset_68"
"580","Ficus obliqua",21.22,"Gallagher_field_workPHD"
"516","Ficus opposita",19.6,"AUSTRAITS_dataset_56"
"1030","Ficus opposita",46.638,"AUSTRAITS_dataset_49"
"1072","Ficus opposita",55.65,"AUSTRAITS_dataset_39"
"1097","ficus racemosa",65.468,"AUSTRAITS_dataset_29"
"1068","Ficus racemosa",52.5,"AUSTRAITS_dataset_49"
"1081","Ficus racemosa",60.9,"AUSTRAITS_dataset_56"
"1105","Ficus racemosa",72,"AUSTRAITS_dataset_68"
"1028","Ficus virens",46.288,"AUSTRAITS_dataset_49"
"1075","Ficus watkinsiana",58.33,"AUSTRAITS_dataset_68"
"1083","Ficus watkinsiana",61.25,"Gallagher_field_workPHD"
"1089","Ficus watkinsiana",63,"AUSTRAITS_dataset_49"
"346","Flagellaria indica",13.23,"AUSTRAITS_dataset_56"
"365","Flagellaria indica",14.38,"AUSTRAITS_dataset_68"
"366","Flagellaria indica",14.382,"AUSTRAITS_dataset_52"
"397","Flagellaria indica",16.119,"AUSTRAITS_dataset_52"
"399","Flagellaria indica",16.12,"AUSTRAITS_dataset_68"
"544","Flagellaria indica",20.53,"AUSTRAITS_dataset_68"
"562","Flagellaria indica",20.83,"AUSTRAITS_dataset_68"
"606","Flagellaria indica",22.54,"AUSTRAITS_dataset_68"
"681","Flagellaria indica",24.955,"AUSTRAITS_dataset_49"
"728","Flagellaria indica",26.4,"AUSTRAITS_dataset_68"
"796","Flagellaria indica",29.63,"AUSTRAITS_dataset_68"
"868","Flagellaria indica",33.16,"Gallagher_field_workPHD"
"954","Flagellaria indica",38.78,"AUSTRAITS_dataset_68"
"872","Flindersia schottiana",33.75,"AUSTRAITS_dataset_68"
"913","Flindersia schottiana",35.44,"Gallagher_field_workPHD"
"1073","Flindersia schottiana",55.878,"AUSTRAITS_dataset_49"
"31","Geitonoplesium cymosum",1.54,"Gallagher_field_workPHD"
"38","Geitonoplesium cymosum",2.209,"AUSTRAITS_dataset_8"
"39","Geitonoplesium cymosum",2.21,"AUSTRAITS_dataset_68"
"43","Geitonoplesium cymosum",2.55,"Gallagher_field_workPHD"
"49","Geitonoplesium cymosum",2.82,"AUSTRAITS_dataset_10"
"53","Geitonoplesium cymosum",3.02,"Gallagher_field_workPHD"
"75","Geitonoplesium cymosum",3.98,"AUSTRAITS_dataset_68"
"117","Geitonoplesium cymosum",5.6,"AUSTRAITS_dataset_68"
"123","Geitonoplesium cymosum",5.61,"AUSTRAITS_dataset_68"
"135","Geitonoplesium cymosum",6,"AUSTRAITS_dataset_68"
"137","Geitonoplesium cymosum",6.01,"AUSTRAITS_dataset_68"
"216","Geitonoplesium cymosum",9.04,"AUSTRAITS_dataset_68"
"217","Geitonoplesium cymosum",9.041,"AUSTRAITS_dataset_8"
"225","Geitonoplesium cymosum",9.713,"AUSTRAITS_dataset_49"
"238","Geitonoplesium cymosum",9.8,"AUSTRAITS_dataset_68"
"303","Geitonoplesium cymosum",11.51,"AUSTRAITS_dataset_68"
"287","Glochidion ferdinandi",10.7,"AUSTRAITS_dataset_10"
"324","Glochidion ferdinandi",12.513,"AUSTRAITS_dataset_49"
"464","Glochidion ferdinandi",18.402,"AUSTRAITS_dataset_52"
"541","Glochidion ferdinandi",20.23,"Gallagher_field_workPHD"
"632","Glochidion ferdinandi",23.48,"Gallagher_field_workPHD"
"692","Glochidion ferdinandi",25.351,"AUSTRAITS_dataset_30"
"900","Glochidion ferdinandi",34.9,"Gallagher_field_workPHD"
"24","Grevillea robusta",1.155,"AUSTRAITS_dataset_49"
"223","Guioa semiglauca",9.6,"AUSTRAITS_dataset_10"
"288","Guioa semiglauca",10.833,"AUSTRAITS_dataset_68"
"298","Guioa semiglauca",11.375,"AUSTRAITS_dataset_49"
"309","Guioa semiglauca",11.77,"Gallagher_field_workPHD"
"379","Guioa semiglauca",14.9,"Gallagher_field_workPHD"
"420","Guioa semiglauca",16.8,"Gallagher_field_workPHD"
"477","Guioa semiglauca",18.74,"Gallagher_field_workPHD"
"525","Guioa semiglauca",19.7,"Gallagher_field_workPHD"
"559","Guioa semiglauca",20.74,"Gallagher_field_workPHD"
"460","Helicia glabriflora",18.33,"AUSTRAITS_dataset_68"
"501","Helicia glabriflora",19.25,"AUSTRAITS_dataset_49"
"1018","Helicia glabriflora",44.85,"Gallagher_field_workPHD"
"369","Heritiera trifoliolata",14.667,"AUSTRAITS_dataset_68"
"554","Heritiera trifoliolata",20.568,"AUSTRAITS_dataset_52"
"1132","Hibiscus heterophyllus",96.25,"AUSTRAITS_dataset_49"
"983","Hicksbeachia pinnatifolia",41.33,"AUSTRAITS_dataset_68"
"1002","Hicksbeachia pinnatifolia",43.4,"AUSTRAITS_dataset_49"
"169","Hippocratea barbata",7.138,"AUSTRAITS_dataset_8"
"170","Hippocratea barbata",7.14,"AUSTRAITS_dataset_68"
"317","Hippocratea barbata",12.47,"AUSTRAITS_dataset_68"
"436","Hippocratea barbata",17.15,"AUSTRAITS_dataset_68"
"591","Hippocratea barbata",22.05,"AUSTRAITS_dataset_49"
"249","Hodgkinsonia ovatiflora",10,"AUSTRAITS_dataset_68"
"278","Hodgkinsonia ovatiflora",10.5,"AUSTRAITS_dataset_49"
"805","Hymenosporum flavum",30,"AUSTRAITS_dataset_68"
"813","Hymenosporum flavum",30.87,"AUSTRAITS_dataset_49"
"776","Ixora beckleri",28.5,"AUSTRAITS_dataset_68"
"801","Ixora beckleri",29.925,"AUSTRAITS_dataset_49"
"70","Jagera pseudorhus",3.9,"AUSTRAITS_dataset_68"
"83","Jagera pseudorhus",4.4,"Gallagher_field_workPHD"
"94","Jagera pseudorhus",4.81,"Gallagher_field_workPHD"
"209","Jagera pseudorhus",8.978,"AUSTRAITS_dataset_49"
"257","Lantana camara",10.08,"AUSTRAITS_dataset_10"
"748","Lantana camara",27.49,"AUSTRAITS_dataset_68"
"749","Lantana camara",27.491,"AUSTRAITS_dataset_8"
"921","Lantana camara",35.96,"AUSTRAITS_dataset_68"
"922","Lantana camara",35.961,"AUSTRAITS_dataset_8"
"1137","Legnephora moorei",105.04,"AUSTRAITS_dataset_68"
"1140","Legnephora moorei",107.33,"AUSTRAITS_dataset_68"
"1147","Legnephora moorei",130.67,"AUSTRAITS_dataset_68"
"1149","Legnephora moorei",143.02,"AUSTRAITS_dataset_68"
"1151","Legnephora moorei",168.175,"AUSTRAITS_dataset_49"
"146","Lepiderema pulchella",6.431,"AUSTRAITS_dataset_49"
"761","Ligustrum lucidum",27.95,"AUSTRAITS_dataset_68"
"762","Ligustrum lucidum",27.951,"AUSTRAITS_dataset_8"
"1044","Ligustrum lucidum",48,"AUSTRAITS_dataset_10"
"340","Ligustrum sinense",13.07,"AUSTRAITS_dataset_10"
"30","Lomandra longifolia",1.539,"AUSTRAITS_dataset_8"
"185","Lomandra longifolia",8.158,"AUSTRAITS_dataset_8"
"386","Lomandra longifolia",15.39,"AUSTRAITS_dataset_68"
"509","Lomandra longifolia",19.54,"AUSTRAITS_dataset_68"
"510","Lomandra longifolia",19.541,"AUSTRAITS_dataset_8"
"630","Lomandra longifolia",23.385,"AUSTRAITS_dataset_8"
"631","Lomandra longifolia",23.39,"AUSTRAITS_dataset_68"
"767","Lomandra longifolia",28.125,"AUSTRAITS_dataset_8"
"768","Lomandra longifolia",28.13,"AUSTRAITS_dataset_68"
"1084","Lomandra longifolia",61.33,"AUSTRAITS_dataset_10"
"1119","Lomandra longifolia",81.58,"AUSTRAITS_dataset_68"
"1120","Lomandra longifolia",83.809,"AUSTRAITS_dataset_8"
"1121","Lomandra longifolia",83.81,"AUSTRAITS_dataset_68"
"816","Lophostemon confertus",30.92,"AUSTRAITS_dataset_68"
"928","Lophostemon confertus",36.444,"AUSTRAITS_dataset_49"
"715","Lophostemon suaveolens",26.1,"AUSTRAITS_dataset_45"
"716","Lophostemon suaveolens",26.14,"AUSTRAITS_dataset_61"
"717","Lophostemon suaveolens",26.16,"AUSTRAITS_dataset_43"
"849","Lophostemon suaveolens",32.27,"AUSTRAITS_dataset_39"
"912","Lophostemon suaveolens",35.438,"AUSTRAITS_dataset_49"
"1058","Lophostemon suaveolens",51.46,"AUSTRAITS_dataset_43"
"1060","Lophostemon suaveolens",51.5,"AUSTRAITS_dataset_61"
"944","Macadamia tetraphylla",37.52,"AUSTRAITS_dataset_49"
"1056","Macadamia tetraphylla",50.17,"AUSTRAITS_dataset_68"
"172","Maclura cochinchinensis",7.33,"AUSTRAITS_dataset_68"
"173","Maclura cochinchinensis",7.45,"Gallagher_field_workPHD"
"178","Maclura cochinchinensis",7.7,"AUSTRAITS_dataset_49"
"179","Maclura cochinchinensis",7.83,"AUSTRAITS_dataset_68"
"186","Maclura cochinchinensis",8.24,"Gallagher_field_workPHD"
"187","Maclura cochinchinensis",8.25,"AUSTRAITS_dataset_68"
"189","Maclura cochinchinensis",8.33,"AUSTRAITS_dataset_68"
"192","Maclura cochinchinensis",8.35,"AUSTRAITS_dataset_68"
"200","Maclura cochinchinensis",8.66,"AUSTRAITS_dataset_68"
"210","Maclura cochinchinensis",8.99,"AUSTRAITS_dataset_68"
"291","Maclura cochinchinensis",11.069,"AUSTRAITS_dataset_49"
"292","Maclura cochinchinensis",11.1,"Gallagher_field_workPHD"
"918","Mallotus claoxyloides",35.875,"AUSTRAITS_dataset_49"
"384","Mallotus discolor",15.17,"AUSTRAITS_dataset_68"
"395","Mallotus discolor",15.925,"AUSTRAITS_dataset_49"
"1069","mallotus philippensis",53.594,"AUSTRAITS_dataset_29"
"645","Mallotus philippensis",24,"AUSTRAITS_dataset_68"
"997","Mallotus philippensis",42.525,"AUSTRAITS_dataset_49"
"700","Marsdenia rostrata",25.5,"AUSTRAITS_dataset_68"
"703","Marsdenia rostrata",25.548,"AUSTRAITS_dataset_8"
"705","Marsdenia rostrata",25.55,"AUSTRAITS_dataset_68"
"818","Marsdenia rostrata",31,"Gallagher_field_workPHD"
"965","Marsdenia rostrata",39.813,"AUSTRAITS_dataset_49"
"1046","Marsdenia rostrata",48.8,"Gallagher_field_workPHD"
"1049","Marsdenia rostrata",49.5,"Gallagher_field_workPHD"
"1052","Marsdenia rostrata",49.98,"Gallagher_field_workPHD"
"1066","Marsdenia rostrata",52.18,"Gallagher_field_workPHD"
"677","Medicosma cunninghamii",24.92,"AUSTRAITS_dataset_68"
"718","Medicosma cunninghamii",26.163,"AUSTRAITS_dataset_49"
"18","Melaleuca bracteata",0.299,"AUSTRAITS_dataset_49"
"176","Melaleuca quinquenervia",7.508,"AUSTRAITS_dataset_49"
"144","Melia azedarach",6.3,"AUSTRAITS_dataset_49"
"279","Melodinus australis",10.5,"AUSTRAITS_dataset_68"
"663","Melodinus australis",24.82,"AUSTRAITS_dataset_68"
"1050","Melodinus australis",49.613,"AUSTRAITS_dataset_49"
"1143","Melodinus australis",110.25,"AUSTRAITS_dataset_6"
"571","Melodorum leichhardtii",21,"AUSTRAITS_dataset_68"
"592","Melodorum leichhardtii",22.05,"AUSTRAITS_dataset_49"
"936","Melodorum leichhardtii",37.19,"AUSTRAITS_dataset_68"
"1157","Melodorum leichhardtii",396.9,"AUSTRAITS_dataset_6"
"682","Micromelum minutum",24.983,"AUSTRAITS_dataset_56"
"825","Micromelum minutum",31.238,"AUSTRAITS_dataset_49"
"579","Mischarytera lautereriana",21.175,"AUSTRAITS_dataset_49"
"453","Mischocarpus australis",17.85,"AUSTRAITS_dataset_49"
"161","Mischocarpus pyriformis",6.75,"AUSTRAITS_dataset_68"
"609","Mischocarpus pyriformis",22.667,"AUSTRAITS_dataset_68"
"977","Mischocarpus pyriformis",40.51,"Gallagher_field_workPHD"
"1009","Mischocarpus pyriformis",43.86,"Gallagher_field_workPHD"
"1019","Mischocarpus pyriformis",45.019,"AUSTRAITS_dataset_49"
"1063","Mischocarpus pyriformis",51.85,"Gallagher_field_workPHD"
"1071","Mischocarpus pyriformis",54.69,"Gallagher_field_workPHD"
"61","Morinda jasminoides",3.33,"AUSTRAITS_dataset_10"
"86","Morinda jasminoides",4.717,"AUSTRAITS_dataset_8"
"88","Morinda jasminoides",4.72,"AUSTRAITS_dataset_68"
"164","Morinda jasminoides",6.85,"AUSTRAITS_dataset_68"
"165","Morinda jasminoides",6.92,"Gallagher_field_workPHD"
"166","Morinda jasminoides",7,"AUSTRAITS_dataset_68"
"221","Morinda jasminoides",9.16,"Gallagher_field_workPHD"
"226","Morinda jasminoides",9.73,"AUSTRAITS_dataset_68"
"237","Morinda jasminoides",9.78,"Gallagher_field_workPHD"
"240","Morinda jasminoides",9.84,"AUSTRAITS_dataset_68"
"241","Morinda jasminoides",9.843,"AUSTRAITS_dataset_8"
"243","Morinda jasminoides",9.86,"AUSTRAITS_dataset_68"
"244","Morinda jasminoides",9.861,"AUSTRAITS_dataset_8"
"254","Morinda jasminoides",10.065,"AUSTRAITS_dataset_8"
"256","Morinda jasminoides",10.07,"AUSTRAITS_dataset_68"
"268","Morinda jasminoides",10.377,"AUSTRAITS_dataset_52"
"293","Morinda jasminoides",11.13,"Gallagher_field_workPHD"
"299","Morinda jasminoides",11.375,"AUSTRAITS_dataset_49"
"308","Morinda jasminoides",11.67,"Gallagher_field_workPHD"
"347","Morinda jasminoides",13.33,"Gallagher_field_workPHD"
"360","Morinda jasminoides",14.06,"Gallagher_field_workPHD"
"400","Morinda jasminoides",16.15,"Gallagher_field_workPHD"
"80","Myrsine variabilis",4.03,"AUSTRAITS_dataset_68"
"139","Myrsine variabilis",6.12,"Gallagher_field_workPHD"
"203","Myrsine variabilis",8.67,"AUSTRAITS_dataset_68"
"344","Myrsine variabilis",13.125,"AUSTRAITS_dataset_49"
"383","Myrsine variabilis",15.07,"Gallagher_field_workPHD"
"497","Myrsine variabilis",19.18,"Gallagher_field_workPHD"
"902","Myrsine variabilis",34.97,"Gallagher_field_workPHD"
"752","Neolitsea dealbata",27.618,"AUSTRAITS_dataset_8"
"754","Neolitsea dealbata",27.62,"AUSTRAITS_dataset_68"
"945","Neolitsea dealbata",38.406,"AUSTRAITS_dataset_8"
"946","Neolitsea dealbata",38.41,"AUSTRAITS_dataset_68"
"957","Neolitsea dealbata",38.94,"Gallagher_field_workPHD"
"1006","Neolitsea dealbata",43.75,"AUSTRAITS_dataset_68"
"1067","Neolitsea dealbata",52.28,"AUSTRAITS_dataset_68"
"1074","Neolitsea dealbata",56.84,"AUSTRAITS_dataset_68"
"1090","Neolitsea dealbata",63,"AUSTRAITS_dataset_49"
"1117","Neolitsea dealbata",81.31,"AUSTRAITS_dataset_68"
"1118","Neolitsea dealbata",81.312,"AUSTRAITS_dataset_28"
"1127","Neolitsea dealbata",86.03,"AUSTRAITS_dataset_39"
"1135","Neolitsea dealbata",98.812,"AUSTRAITS_dataset_28"
"1136","Neolitsea dealbata",101.356,"AUSTRAITS_dataset_28"
"536","Notelaea longifolia",20.15,"Gallagher_field_workPHD"
"583","Notelaea longifolia",21.45,"AUSTRAITS_dataset_68"
"611","Notelaea longifolia",22.839,"AUSTRAITS_dataset_12"
"618","Notelaea longifolia",23.11,"Gallagher_field_workPHD"
"693","Notelaea longifolia",25.38,"Gallagher_field_workPHD"
"807","Notelaea longifolia",30.03,"AUSTRAITS_dataset_49"
"874","Notelaea longifolia",33.76,"Gallagher_field_workPHD"
"901","Notelaea longifolia",34.93,"Gallagher_field_workPHD"
"958","Notelaea longifolia",39.04,"Gallagher_field_workPHD"
"1010","Notelaea longifolia",44.096,"AUSTRAITS_dataset_12"
"1128","Notelaea longifolia",89.49,"Gallagher_field_workPHD"
"91","Notelaea microcarpa",4.8,"AUSTRAITS_dataset_68"
"92","Notelaea microcarpa",4.801,"AUSTRAITS_dataset_8"
"125","Notelaea microcarpa",5.653,"AUSTRAITS_dataset_49"
"481","Notelaea microcarpa",18.84,"AUSTRAITS_dataset_68"
"482","Notelaea microcarpa",18.844,"AUSTRAITS_dataset_8"
"57","Ochna serrulata",3.26,"AUSTRAITS_dataset_10"
"115","Ochna serrulata",5.31,"AUSTRAITS_dataset_68"
"116","Ochna serrulata",5.313,"AUSTRAITS_dataset_8"
"251","Ochna serrulata",10.05,"AUSTRAITS_dataset_68"
"252","Ochna serrulata",10.055,"AUSTRAITS_dataset_52"
"722","Olea paniculata",26.25,"AUSTRAITS_dataset_49"
"875","Olea paniculata",33.78,"Gallagher_field_workPHD"
"10","Pandorea pandorana",0.209,"AUSTRAITS_dataset_8"
"36","Pandorea pandorana",2.182,"AUSTRAITS_dataset_8"
"99","Pandorea pandorana",5.2,"AUSTRAITS_dataset_68"
"122","Pandorea pandorana",5.6,"AUSTRAITS_dataset_68"
"126","Pandorea pandorana",5.686,"AUSTRAITS_dataset_8"
"150","Pandorea pandorana",6.55,"AUSTRAITS_dataset_8"
"355","Pandorea pandorana",13.93,"Gallagher_field_workPHD"
"359","Pandorea pandorana",14.02,"Gallagher_field_workPHD"
"517","Pandorea pandorana",19.6,"AUSTRAITS_dataset_49"
"720","Pandorea pandorana",26.25,"AUSTRAITS_dataset_10"
"153","Pararchidendron pruinosum",6.667,"AUSTRAITS_dataset_68"
"364","Pararchidendron pruinosum",14.333,"AUSTRAITS_dataset_49"
"409","Pararchidendron pruinosum",16.43,"Gallagher_field_workPHD"
"96","Parsonsia straminea",5.126,"AUSTRAITS_dataset_8"
"98","Parsonsia straminea",5.13,"AUSTRAITS_dataset_68"
"162","Parsonsia straminea",6.83,"AUSTRAITS_dataset_52"
"396","Parsonsia straminea",16.06,"AUSTRAITS_dataset_68"
"688","Parsonsia straminea",25.3,"AUSTRAITS_dataset_10"
"745","Parsonsia straminea",26.98,"Gallagher_field_workPHD"
"829","Parsonsia straminea",31.53,"AUSTRAITS_dataset_68"
"1004","Parsonsia straminea",43.51,"Gallagher_field_workPHD"
"1013","Parsonsia straminea",44.33,"AUSTRAITS_dataset_68"
"1048","Parsonsia straminea",49,"AUSTRAITS_dataset_49"
"1053","Parsonsia straminea",50.03,"AUSTRAITS_dataset_8"
"1070","Parsonsia straminea",54.24,"Gallagher_field_workPHD"
"1148","Passiflora edulis",130.67,"AUSTRAITS_dataset_68"
"1042","Pavetta australiensis",47.775,"AUSTRAITS_dataset_49"
"5","Phyllanthus microcladus",0.147,"AUSTRAITS_dataset_49"
"33","Pilidiostigma rhytispermum",1.89,"AUSTRAITS_dataset_49"
"1059","Piper hederaceum",51.476,"AUSTRAITS_dataset_49"
"14","Pittosporum multiflorum",0.26,"AUSTRAITS_dataset_68"
"17","Pittosporum multiflorum",0.276,"AUSTRAITS_dataset_49"
"378","Pittosporum undulatum",14.807,"AUSTRAITS_dataset_12"
"504","Pittosporum undulatum",19.25,"AUSTRAITS_dataset_68"
"520","Pittosporum undulatum",19.67,"AUSTRAITS_dataset_8"
"540","Pittosporum undulatum",20.213,"AUSTRAITS_dataset_49"
"576","Pittosporum undulatum",21.01,"Gallagher_field_workPHD"
"652","Pittosporum undulatum",24.1,"AUSTRAITS_dataset_10"
"757","Pittosporum undulatum",27.685,"AUSTRAITS_dataset_28"
"790","Pittosporum undulatum",29.371,"AUSTRAITS_dataset_12"
"793","Pittosporum undulatum",29.577,"AUSTRAITS_dataset_8"
"795","Pittosporum undulatum",29.58,"AUSTRAITS_dataset_68"
"799","Pittosporum undulatum",29.79,"Gallagher_field_workPHD"
"821","Pittosporum undulatum",31.151,"AUSTRAITS_dataset_28"
"856","Pittosporum undulatum",32.39,"AUSTRAITS_dataset_68"
"857","Pittosporum undulatum",32.392,"AUSTRAITS_dataset_28"
"881","Pittosporum undulatum",34.245,"AUSTRAITS_dataset_8"
"882","Pittosporum undulatum",34.25,"AUSTRAITS_dataset_68"
"890","Pittosporum undulatum",34.58,"Gallagher_field_workPHD"
"933","Pittosporum undulatum",36.77,"Gallagher_field_workPHD"
"961","Pittosporum undulatum",39.237,"AUSTRAITS_dataset_52"
"963","Pittosporum undulatum",39.24,"AUSTRAITS_dataset_68"
"792","Planchonella australis",29.4,"AUSTRAITS_dataset_49"
"282","Pleurostylia opposita",10.5,"AUSTRAITS_dataset_49"
"428","Polyscias elegans",16.98,"Gallagher_field_workPHD"
"739","Polyscias elegans",26.917,"AUSTRAITS_dataset_68"
"747","Polyscias elegans",27.36,"Gallagher_field_workPHD"
"775","Polyscias elegans",28.35,"AUSTRAITS_dataset_49"
"861","Polyscias elegans",32.97,"Gallagher_field_workPHD"
"870","Polyscias elegans",33.38,"Gallagher_field_workPHD"
"919","Polyscias elegans",35.9,"AUSTRAITS_dataset_61"
"1155","Polyscias elegans",323.36,"AUSTRAITS_dataset_43"
"81","Pothos longipes",4.2,"AUSTRAITS_dataset_68"
"518","Pouteria queenslandica",19.6,"AUSTRAITS_dataset_49"
"1003","Pouteria queenslandica",43.5,"AUSTRAITS_dataset_68"
"385","Pseudoweinmannia lachnocarpa",15.356,"AUSTRAITS_dataset_49"
"457","Pseudoweinmannia lachnocarpa",18,"AUSTRAITS_dataset_68"
"29","Psychotria daphnoides",1.26,"AUSTRAITS_dataset_49"
"222","Psychotria loniceroides",9.52,"AUSTRAITS_dataset_39"
"342","Psychotria loniceroides",13.1,"Gallagher_field_workPHD"
"410","Psychotria loniceroides",16.489,"AUSTRAITS_dataset_52"
"412","Psychotria loniceroides",16.49,"AUSTRAITS_dataset_68"
"419","Psychotria loniceroides",16.66,"Gallagher_field_workPHD"
"475","Psychotria loniceroides",18.681,"AUSTRAITS_dataset_49"
"498","Psychotria loniceroides",19.18,"AUSTRAITS_dataset_68"
"499","Psychotria loniceroides",19.184,"AUSTRAITS_dataset_8"
"556","Psychotria loniceroides",20.58,"AUSTRAITS_dataset_68"
"581","Psychotria loniceroides",21.3,"AUSTRAITS_dataset_10"
"972","Psychotria loniceroides",40.057,"AUSTRAITS_dataset_52"
"974","Psychotria loniceroides",40.06,"AUSTRAITS_dataset_68"
"485","psychotria spp. 'shute harbour'",18.9,"AUSTRAITS_dataset_49"
"375","Psydrax odorata",14.7,"AUSTRAITS_dataset_49"
"68","Pteridium esculentum",3.895,"AUSTRAITS_dataset_68"
"130","Pteridium esculentum",5.728,"AUSTRAITS_dataset_8"
"778","Pteridium esculentum",28.581,"AUSTRAITS_dataset_3"
"650","Rhodamnia argentea",24.08,"AUSTRAITS_dataset_68"
"687","Rhodamnia argentea",25.288,"AUSTRAITS_dataset_49"
"405","Rhodamnia rubescens",16.25,"AUSTRAITS_dataset_68"
"422","Rhodamnia rubescens",16.87,"AUSTRAITS_dataset_68"
"431","Rhodamnia rubescens",17.063,"AUSTRAITS_dataset_49"
"461","Rhodomyrtus psidioides",18.34,"Gallagher_field_workPHD"
"865","Rhodomyrtus psidioides",33,"AUSTRAITS_dataset_68"
"893","Rhodomyrtus psidioides",34.65,"AUSTRAITS_dataset_49"
"986","Rhodomyrtus psidioides",41.39,"Gallagher_field_workPHD"
"182","Rhodosphaera rhodanthema",7.963,"AUSTRAITS_dataset_49"
"952","Rubus moluccanus",38.68,"AUSTRAITS_dataset_68"
"1092","Rubus moluccanus",64.313,"AUSTRAITS_dataset_49"
"1156","Rubus moluccanus",324.8,"AUSTRAITS_dataset_6"
"46","Rubus rosifolius",2.72,"AUSTRAITS_dataset_68"
"64","Rubus rosifolius",3.684,"AUSTRAITS_dataset_8"
"84","Rubus rosifolius",4.428,"AUSTRAITS_dataset_49"
"511","Rubus rosifolius",19.553,"AUSTRAITS_dataset_8"
"246","Sarcopteryx stipata",9.89,"Gallagher_field_workPHD"
"335","Sarcopteryx stipata",12.833,"AUSTRAITS_dataset_68"
"349","Sarcopteryx stipata",13.475,"AUSTRAITS_dataset_49"
"1142","Schefflera actinophylla",108.588,"AUSTRAITS_dataset_56"
"1146","Schefflera actinophylla",126.35,"AUSTRAITS_dataset_49"
"519","Senna sulfurea",19.635,"AUSTRAITS_dataset_49"
"843","Sloanea australis",31.9,"AUSTRAITS_dataset_68"
"844","Sloanea australis",31.904,"AUSTRAITS_dataset_8"
"1114","Sloanea australis",80.17,"AUSTRAITS_dataset_68"
"1122","Sloanea australis",84.175,"AUSTRAITS_dataset_49"
"894","Sloanea woollsii",34.67,"AUSTRAITS_dataset_68"
"927","Sloanea woollsii",36.4,"AUSTRAITS_dataset_49"
"174","Smilax australis",7.5,"AUSTRAITS_dataset_10"
"448","Smilax australis",17.71,"Gallagher_field_workPHD"
"527","Smilax australis",19.779,"AUSTRAITS_dataset_8"
"528","Smilax australis",19.78,"AUSTRAITS_dataset_68"
"947","Smilax australis",38.52,"AUSTRAITS_dataset_68"
"948","Smilax australis",38.525,"AUSTRAITS_dataset_8"
"969","Smilax australis",39.998,"AUSTRAITS_dataset_8"
"970","Smilax australis",40,"AUSTRAITS_dataset_68"
"998","Smilax australis",43.33,"AUSTRAITS_dataset_68"
"1025","Smilax australis",45.5,"AUSTRAITS_dataset_49"
"1033","Smilax australis",47.57,"AUSTRAITS_dataset_68"
"1098","Smilax australis",66.24,"AUSTRAITS_dataset_68"
"1103","Smilax australis",70.97,"AUSTRAITS_dataset_68"
"1104","Smilax australis",70.98,"Gallagher_field_workPHD"
"1107","Smilax australis",75,"Gallagher_field_workPHD"
"1108","Smilax australis",75.17,"AUSTRAITS_dataset_68"
"1125","Smilax australis",86,"AUSTRAITS_dataset_68"
"1133","Smilax australis",98.25,"AUSTRAITS_dataset_68"
"594","Stephania japonica",22.116,"AUSTRAITS_dataset_8"
"595","Stephania japonica",22.12,"AUSTRAITS_dataset_68"
"758","Stephania japonica",27.83,"Gallagher_field_workPHD"
"822","Stephania japonica",31.17,"AUSTRAITS_dataset_68"
"887","Stephania japonica",34.36,"Gallagher_field_workPHD"
"898","Stephania japonica",34.88,"Gallagher_field_workPHD"
"951","Stephania japonica",38.65,"AUSTRAITS_dataset_68"
"980","Stephania japonica",40.66,"Gallagher_field_workPHD"
"1016","Stephania japonica",44.68,"AUSTRAITS_dataset_68"
"1102","Stephania japonica",69.3,"AUSTRAITS_dataset_49"
"1112","Stephania japonica",80,"AUSTRAITS_dataset_10"
"971","Sterculia quadrifida",40,"AUSTRAITS_dataset_68"
"1144","Sterculia quadrifida",114.188,"AUSTRAITS_dataset_56"
"1145","Sterculia quadrifida",119.35,"AUSTRAITS_dataset_49"
"155","Streblus brunonianus",6.67,"AUSTRAITS_dataset_68"
"191","Streblus brunonianus",8.33,"AUSTRAITS_dataset_68"
"432","Streblus brunonianus",17.063,"AUSTRAITS_dataset_49"
"4","Synoum glandulosum",0.104,"AUSTRAITS_dataset_3"
"199","Synoum glandulosum",8.646,"AUSTRAITS_dataset_12"
"212","Synoum glandulosum",8.991,"AUSTRAITS_dataset_12"
"266","Synoum glandulosum",10.097,"AUSTRAITS_dataset_12"
"270","Synoum glandulosum",10.456,"AUSTRAITS_dataset_68"
"283","Synoum glandulosum",10.5,"AUSTRAITS_dataset_68"
"294","Synoum glandulosum",11.21,"AUSTRAITS_dataset_68"
"345","Synoum glandulosum",13.183,"AUSTRAITS_dataset_28"
"376","Synoum glandulosum",14.798,"AUSTRAITS_dataset_13"
"401","Synoum glandulosum",16.21,"Gallagher_field_workPHD"
"423","Synoum glandulosum",16.92,"AUSTRAITS_dataset_8"
"463","Synoum glandulosum",18.375,"AUSTRAITS_dataset_49"
"472","Synoum glandulosum",18.671,"AUSTRAITS_dataset_8"
"476","Synoum glandulosum",18.72,"Gallagher_field_workPHD"
"490","Synoum glandulosum",19.004,"AUSTRAITS_dataset_52"
"654","Synoum glandulosum",24.16,"Gallagher_field_workPHD"
"657","Synoum glandulosum",24.427,"AUSTRAITS_dataset_28"
"683","Synoum glandulosum",25.1,"AUSTRAITS_dataset_52"
"780","Synoum glandulosum",28.695,"AUSTRAITS_dataset_8"
"798","Synoum glandulosum",29.64,"AUSTRAITS_dataset_28"
"869","Synoum glandulosum",33.28,"Gallagher_field_workPHD"
"1141","Synoum glandulosum",107.663,"AUSTRAITS_dataset_28"
"1152","Synoum glandulosum",187.718,"AUSTRAITS_dataset_28"
"1153","Synoum glandulosum",203.557,"AUSTRAITS_dataset_28"
"1154","Synoum glandulosum",203.56,"AUSTRAITS_dataset_68"
"204","Syzygium australe",8.74,"Gallagher_field_workPHD"
"207","Syzygium australe",8.86,"Gallagher_field_workPHD"
"300","Syzygium australe",11.375,"AUSTRAITS_dataset_49"
"439","Syzygium australe",17.17,"Gallagher_field_workPHD"
"613","Syzygium australe",22.92,"Gallagher_field_workPHD"
"658","Syzygium floribundum",24.456,"AUSTRAITS_dataset_49"
"63","Syzygium luehmannii",3.6,"Gallagher_field_workPHD"
"140","Syzygium luehmannii",6.125,"AUSTRAITS_dataset_49"
"156","Syzygium luehmannii",6.67,"AUSTRAITS_dataset_68"
"159","Syzygium luehmannii",6.68,"Gallagher_field_workPHD"
"195","Syzygium luehmannii",8.53,"Gallagher_field_workPHD"
"219","Syzygium oleosum",9.139,"AUSTRAITS_dataset_8"
"220","Syzygium oleosum",9.14,"AUSTRAITS_dataset_68"
"315","Syzygium oleosum",12.25,"AUSTRAITS_dataset_49"
"321","Syzygium oleosum",12.5,"AUSTRAITS_dataset_68"
"577","Syzygium oleosum",21.11,"Gallagher_field_workPHD"
"640","Syzygium oleosum",23.81,"Gallagher_field_workPHD"
"647","Syzygium oleosum",24,"Gallagher_field_workPHD"
"819","Syzygium oleosum",31.096,"AUSTRAITS_dataset_8"
"820","Syzygium oleosum",31.1,"AUSTRAITS_dataset_68"
"615","Tabernaemontana pandacaqui",23.05,"AUSTRAITS_dataset_68"
"736","Tabernaemontana pandacaqui",26.83,"AUSTRAITS_dataset_68"
"771","Tabernaemontana pandacaqui",28.175,"AUSTRAITS_dataset_49"
"136","Toechima tenax",6,"AUSTRAITS_dataset_68"
"145","Toechima tenax",6.3,"AUSTRAITS_dataset_49"
"297","Toona ciliata",11.349,"AUSTRAITS_dataset_52"
"558","Toona ciliata",20.583,"AUSTRAITS_dataset_68"
"622","Toona ciliata",23.275,"AUSTRAITS_dataset_49"
"1100","Toona ciliata",66.4,"AUSTRAITS_dataset_39"
"421","trema tomentosa",16.867,"AUSTRAITS_dataset_29"
"338","Trema tomentosa",12.95,"Gallagher_field_workPHD"
"588","Trema tomentosa",21.79,"AUSTRAITS_dataset_39"
"926","Trema tomentosa",36.225,"AUSTRAITS_dataset_49"
"354","Tristaniopsis laurina",13.88,"AUSTRAITS_dataset_68"
"368","Tristaniopsis laurina",14.569,"AUSTRAITS_dataset_49"
"262","Trophis scandens",10.08,"AUSTRAITS_dataset_68"
"526","Trophis scandens",19.74,"Gallagher_field_workPHD"
"585","Trophis scandens",21.57,"Gallagher_field_workPHD"
"617","Trophis scandens",23.1,"AUSTRAITS_dataset_49"
"626","Trophis scandens",23.339,"AUSTRAITS_dataset_52"
"628","Trophis scandens",23.34,"AUSTRAITS_dataset_68"
"726","Trophis scandens",26.26,"Gallagher_field_workPHD"
"779","Trophis scandens",28.67,"Gallagher_field_workPHD"
"839","Trophis scandens",31.77,"Gallagher_field_workPHD"
"956","Trophis scandens",38.9,"Gallagher_field_workPHD"
"543","Turraea pubescens",20.3,"AUSTRAITS_dataset_49"
"680","Vitex melicopea",24.938,"AUSTRAITS_dataset_49"
"59","Wikstroemia indica",3.26,"AUSTRAITS_dataset_49"
"77","Wikstroemia indica",4,"AUSTRAITS_dataset_68"
"194","Wikstroemia indica",8.36,"AUSTRAITS_dataset_39"
"20","Wilkiea huegeliana",0.421,"AUSTRAITS_dataset_3"
"534","Wilkiea huegeliana",20.12,"AUSTRAITS_dataset_68"
"535","Wilkiea huegeliana",20.121,"AUSTRAITS_dataset_8"
"574","Wilkiea huegeliana",21,"AUSTRAITS_dataset_68"
"593","Wilkiea huegeliana",22.05,"AUSTRAITS_dataset_49"
"802","Wilkiea huegeliana",30,"AUSTRAITS_dataset_10"
"907","Wilkiea huegeliana",35,"AUSTRAITS_dataset_68"
"908","Wilkiea huegeliana",35.001,"AUSTRAITS_dataset_8"
"925","Wilkiea huegeliana",36.06,"AUSTRAITS_dataset_68"
"978","Wilkiea huegeliana",40.527,"AUSTRAITS_dataset_8"
"979","Wilkiea huegeliana",40.53,"AUSTRAITS_dataset_68"
"993","Wilkiea huegeliana",42.119,"AUSTRAITS_dataset_8"
"1057","Wilkiea huegeliana",51.31,"Gallagher_field_workPHD"
"1062","Wilkiea huegeliana",51.5,"Gallagher_field_workPHD"
"1077","Wilkiea huegeliana",58.48,"AUSTRAITS_dataset_68"
"1078","Wilkiea huegeliana",58.481,"AUSTRAITS_dataset_8"
"1087","Wilkiea huegeliana",61.73,"Gallagher_field_workPHD"
"1111","Wilkiea huegeliana",79.45,"Gallagher_field_workPHD"
"1079","Wilkiea macrophylla",60,"AUSTRAITS_dataset_68"
"1091","Wilkiea macrophylla",63,"AUSTRAITS_dataset_49"
